Comuna_Origen;Especialidad_Destino;Rango_Edad;Establecimiento_Destino;CIE-10;Observacion;Tipo_Especialidad
Valparaíso.;Cirugía y Traumatología Buco Maxilofacial;Toda edad;Hospital Carlos Van Buren;Todos.;;Odontológica
Valparaíso.;Endodoncia;Toda edad;Centro de Referencia de Salud Odontológica (C.R.S.O.);Todos. Excepto: K04.9.;;Odontológica
Valparaíso.;Patología Oral;Toda edad;Hospital Carlos Van Buren;C06.9 Tumor maligno de la boca, parte no especificada.;Con biopsia confirmada o evidente signos clínicos de malignidad.;Odontológica
Valparaíso.;Patología Oral;Toda edad;Hospital Carlos Van Buren;C14.8 Lesion de sitios contiguos del labio, de la cavidad bucal y de faringe.;Posterior a teleinterconsulta Hospital Digital.;Odontológica
Valparaíso.;Periodoncia;Toda edad;Centro de Referencia de Salud Odontológica (C.R.S.O.);Todos. Excepto: K05.5 y Z75;;Odontológica
Valparaíso.;Rehabilitación Oral Fija;Toda edad;Centro de Referencia de Salud Odontológica (C.R.S.O.);Todos.;Derivar con Rx retroalverolar;Odontológica
Valparaíso.;Rehabilitación Oral Removible;Toda edad;Centro de Referencia de Salud Odontológica (C.R.S.O.);Todos.;;Odontológica
Valparaíso.;Trastornos Temporomandibulares y Dolor Orofacial;Toda edad;Centro de Referencia de Salud Odontológica (C.R.S.O.);Todos.;Posterior a teleinterconsulta Hospital Digital.;Odontológica
Juan Fernández;Cirugía y Traumatología Buco Maxilofacial;Toda edad;Hospital Carlos Van Buren;Todos.;;Odontológica
Juan Fernández;Endodoncia;Toda edad;Centro de Referencia de Salud Odontológica (C.R.S.O.);Todos. Excepto: K04.9.;;Odontológica
Juan Fernández;Patología Oral;Toda edad;Hospital Carlos Van Buren;C06.9 Tumor maligno de la boca, parte no especificada.;Con biopsia confirmada o evidente signos clínicos de malignidad.;Odontológica
Juan Fernández;Patología Oral;Toda edad;Hospital Carlos Van Buren;C14.8 Lesion de sitios contiguos del labio, de la cavidad bucal y de faringe.;Posterior a teleinterconsulta Hospital Digital.;Odontológica
Juan Fernández;Periodoncia;Toda edad;Centro de Referencia de Salud Odontológica (C.R.S.O.);Todos. Excepto: K05.5 y Z75;;Odontológica
Juan Fernández;Rehabilitación Oral Fija;Toda edad;Centro de Referencia de Salud Odontológica (C.R.S.O.);Todos.;Derivar con Rx retroalverolar;Odontológica
Juan Fernández;Rehabilitación Oral Removible;Toda edad;Centro de Referencia de Salud Odontológica (C.R.S.O.);Todos.;;Odontológica
Juan Fernández;Trastornos Temporomandibulares y Dolor Orofacial;Toda edad;Centro de Referencia de Salud Odontológica (C.R.S.O.);Todos.;Posterior a teleinterconsulta Hospital Digital.;Odontológica
Casablanca;Cirugía y Traumatología Buco Maxilofacial;Toda edad;Hospital Carlos Van Buren;Todos.;;Odontológica
Casablanca;Endodoncia;Toda edad;Centro de Referencia de Salud Odontológica (C.R.S.O.);Todos. Excepto: K04.9.;;Odontológica
Casablanca;Patología Oral;Toda edad;Hospital Carlos Van Buren;C06.9 Tumor maligno de la boca, parte no especificada.;Con biopsia confirmada o evidente signos clínicos de malignidad.;Odontológica
Casablanca;Patología Oral;Toda edad;Hospital Carlos Van Buren;C14.8 Lesion de sitios contiguos del labio, de la cavidad bucal y de faringe.;Posterior a teleinterconsulta Hospital Digital.;Odontológica
Casablanca;Periodoncia;Toda edad;Hospital San José Casablanca;Todos. Excepto: K05.5 y Z75;;Odontológica
Casablanca;Rehabilitación Oral Fija;Toda edad;Centro de Referencia de Salud Odontológica (C.R.S.O.);Todos.;Derivar con Rx retroalverolar;Odontológica
Casablanca;Rehabilitación Oral Removible;Toda edad;Centro de Referencia de Salud Odontológica (C.R.S.O.);Todos.;;Odontológica
Casablanca;Trastornos Temporomandibulares y Dolor Orofacial;Toda edad;Centro de Referencia de Salud Odontológica (C.R.S.O.);Todos.;Posterior a teleinterconsulta Hospital Digital.;Odontológica
Valparaíso.;Endodoncia;Toda edad;Mismo establecimiento APS (R);K04.9 Otras enfermedades no especificadas de pulpa y tejidos periapicales;Sólo para caso a resolver con cupos resolutividad APS.;Odontológica
Valparaíso.;Periodoncia;Toda edad;Mismo establecimiento APS (R);K05.5 Otras enfermedades periodontales;Sólo para caso a resolver con cupos resolutividad APS.;Odontológica
Valparaíso.;Rehabilitación Oral Removible;Toda edad;Mismo establecimiento APS (R);K08.8 Otros trastornos especificados de dientes y estructuras de soporte;Sólo para caso a resolver con cupos resolutividad APS.;Odontológica
Casablanca;Endodoncia;Toda edad;Mismo establecimiento APS (R);K04.9 Otras enfermedades no especificadas de pulpa y tejidos periapicales;Sólo para caso a resolver con cupos resolutividad APS.;Odontológica
Casablanca;Periodoncia;Toda edad;Mismo establecimiento APS (R);K05.5 Otras enfermedades periodontales;Sólo para caso a resolver con cupos resolutividad APS.;Odontológica
Casablanca;Rehabilitación Oral Removible;Toda edad;Mismo establecimiento APS (R);K08.8 Otros trastornos especificados de dientes y estructuras de soporte;Sólo para caso a resolver con cupos resolutividad APS.;Odontológica
Juan Fernández;Endodoncia;Toda edad;Mismo establecimiento APS (R);K04.9 Otras enfermedades no especificadas de pulpa y tejidos periapicales;Sólo para caso a resolver con cupos resolutividad APS.;Odontológica
Juan Fernández;Periodoncia;Toda edad;Mismo establecimiento APS (R);K05.5 Otras enfermedades periodontales;Sólo para caso a resolver con cupos resolutividad APS.;Odontológica
Juan Fernández;Rehabilitación Oral Removible;Toda edad;Mismo establecimiento APS (R);K08.8 Otros trastornos especificados de dientes y estructuras de soporte;Sólo para caso a resolver con cupos resolutividad APS.;Odontológica
Algarrobo;Cirugía y Traumatología Buco Maxilofacial;Toda edad;Hospital Claudio Vicuńa;Todos.;;Odontológica
Algarrobo;Endodoncia;Toda edad;Hospital Claudio Vicuńa;Todos. Excepto: K04.9.;;Odontológica
Algarrobo;Patología Oral;Toda edad;Hospital Carlos Van Buren;C06.9 Tumor maligno de la boca, parte no especificada.;Con biopsia confirmada o evidente signos clínicos de malignidad.;Odontológica
Algarrobo;Patología Oral;Toda edad;Hospital Carlos Van Buren;C14.8 Lesion de sitios contiguos del labio, de la cavidad bucal y de faringe.;Posterior a teleinterconsulta Hospital Digital.;Odontológica
Algarrobo;Periodoncia;Toda edad;Hospital Claudio Vicuńa;Todos. Excepto: K05.5 y Z75;;Odontológica
Algarrobo;Rehabilitación Oral Fija;Toda edad;Hospital Claudio Vicuńa;Todos.;Derivar con Rx retroalverolar;Odontológica
Algarrobo;Rehabilitación Oral Removible;Toda edad;Hospital Claudio Vicuńa;Todos.;;Odontológica
Algarrobo;Trastornos Temporomandibulares y Dolor Orofacial;Toda edad;Hospital Claudio Vicuńa;Todos.;Posterior a teleinterconsulta Hospital Digital.;Odontológica
Algarrobo;Endodoncia;Toda edad;Mismo establecimiento APS (R);K04.9 Otras enfermedades no especificadas de pulpa y tejidos periapicales;Sólo para caso a resolver con cupos resolutividad APS.;Odontológica
Algarrobo;Periodoncia;Toda edad;Mismo establecimiento APS (R);K05.5 Otras enfermedades periodontales;Sólo para caso a resolver con cupos resolutividad APS.;Odontológica
Algarrobo;Rehabilitación Oral Removible;Toda edad;Mismo establecimiento APS (R);K08.8 Otros trastornos especificados de dientes y estructuras de soporte;Sólo para caso a resolver con cupos resolutividad APS.;Odontológica
Cartagena;Cirugía y Traumatología Buco Maxilofacial;Toda edad;Hospital Claudio Vicuńa;Todos.;;Odontológica
Cartagena;Endodoncia;Toda edad;Hospital Claudio Vicuńa;Todos. Excepto: K04.9.;;Odontológica
Cartagena;Patología Oral;Toda edad;Hospital Carlos Van Buren;C06.9 Tumor maligno de la boca, parte no especificada.;Con biopsia confirmada o evidente signos clínicos de malignidad.;Odontológica
Cartagena;Patología Oral;Toda edad;Hospital Carlos Van Buren;C14.8 Lesion de sitios contiguos del labio, de la cavidad bucal y de faringe.;Posterior a teleinterconsulta Hospital Digital.;Odontológica
Cartagena;Periodoncia;Toda edad;Hospital Claudio Vicuńa;Todos. Excepto: K05.5 y Z75;;Odontológica
Cartagena;Rehabilitación Oral Fija;Toda edad;Hospital Claudio Vicuńa;Todos.;Derivar con Rx retroalverolar;Odontológica
Cartagena;Rehabilitación Oral Removible;Toda edad;Hospital Claudio Vicuńa;Todos.;;Odontológica
Cartagena;Trastornos Temporomandibulares y Dolor Orofacial;Toda edad;Hospital Claudio Vicuńa;Todos.;Posterior a teleinterconsulta Hospital Digital.;Odontológica
Cartagena;Endodoncia;Toda edad;Mismo establecimiento APS (R);K04.9 Otras enfermedades no especificadas de pulpa y tejidos periapicales;Sólo para caso a resolver con cupos resolutividad APS.;Odontológica
Cartagena;Periodoncia;Toda edad;Mismo establecimiento APS (R);K05.5 Otras enfermedades periodontales;Sólo para caso a resolver con cupos resolutividad APS.;Odontológica
Cartagena;Rehabilitación Oral Removible;Toda edad;Mismo establecimiento APS (R);K08.8 Otros trastornos especificados de dientes y estructuras de soporte;Sólo para caso a resolver con cupos resolutividad APS.;Odontológica
El Quisco;Cirugía y Traumatología Buco Maxilofacial;Toda edad;Hospital Claudio Vicuńa;Todos.;;Odontológica
El Quisco;Endodoncia;Toda edad;Hospital Claudio Vicuńa;Todos. Excepto: K04.9.;;Odontológica
El Quisco;Patología Oral;Toda edad;Hospital Carlos Van Buren;C06.9 Tumor maligno de la boca, parte no especificada.;Con biopsia confirmada o evidente signos clínicos de malignidad.;Odontológica
El Quisco;Patología Oral;Toda edad;Hospital Carlos Van Buren;C14.8 Lesion de sitios contiguos del labio, de la cavidad bucal y de faringe.;Posterior a teleinterconsulta Hospital Digital.;Odontológica
El Quisco;Periodoncia;Toda edad;Hospital Claudio Vicuńa;Todos. Excepto: K05.5 y Z75;;Odontológica
El Quisco;Rehabilitación Oral Fija;Toda edad;Hospital Claudio Vicuńa;Todos.;Derivar con Rx retroalverolar;Odontológica
El Quisco;Rehabilitación Oral Removible;Toda edad;Hospital Claudio Vicuńa;Todos.;;Odontológica
El Quisco;Trastornos Temporomandibulares y Dolor Orofacial;Toda edad;Hospital Claudio Vicuńa;Todos.;Posterior a teleinterconsulta Hospital Digital.;Odontológica
El Quisco;Endodoncia;Toda edad;Mismo establecimiento APS (R);K04.9 Otras enfermedades no especificadas de pulpa y tejidos periapicales;Sólo para caso a resolver con cupos resolutividad APS.;Odontológica
El Quisco;Periodoncia;Toda edad;Mismo establecimiento APS (R);K05.5 Otras enfermedades periodontales;Sólo para caso a resolver con cupos resolutividad APS.;Odontológica
El Quisco;Rehabilitación Oral Removible;Toda edad;Mismo establecimiento APS (R);K08.8 Otros trastornos especificados de dientes y estructuras de soporte;Sólo para caso a resolver con cupos resolutividad APS.;Odontológica
El Tabo;Cirugía y Traumatología Buco Maxilofacial;Toda edad;Hospital Claudio Vicuńa;Todos.;;Odontológica
El Tabo;Endodoncia;Toda edad;Hospital Claudio Vicuńa;Todos. Excepto: K04.9.;;Odontológica
El Tabo;Patología Oral;Toda edad;Hospital Carlos Van Buren;C06.9 Tumor maligno de la boca, parte no especificada.;Con biopsia confirmada o evidente signos clínicos de malignidad.;Odontológica
El Tabo;Patología Oral;Toda edad;Hospital Carlos Van Buren;C14.8 Lesion de sitios contiguos del labio, de la cavidad bucal y de faringe.;Posterior a teleinterconsulta Hospital Digital.;Odontológica
El Tabo;Periodoncia;Toda edad;Hospital Claudio Vicuńa;Todos. Excepto: K05.5 y Z75;;Odontológica
El Tabo;Rehabilitación Oral Fija;Toda edad;Hospital Claudio Vicuńa;Todos.;Derivar con Rx retroalverolar;Odontológica
El Tabo;Rehabilitación Oral Removible;Toda edad;Hospital Claudio Vicuńa;Todos.;;Odontológica
El Tabo;Trastornos Temporomandibulares y Dolor Orofacial;Toda edad;Hospital Claudio Vicuńa;Todos.;Posterior a teleinterconsulta Hospital Digital.;Odontológica
El Tabo;Endodoncia;Toda edad;Mismo establecimiento APS (R);K04.9 Otras enfermedades no especificadas de pulpa y tejidos periapicales;Sólo para caso a resolver con cupos resolutividad APS.;Odontológica
El Tabo;Periodoncia;Toda edad;Mismo establecimiento APS (R);K05.5 Otras enfermedades periodontales;Sólo para caso a resolver con cupos resolutividad APS.;Odontológica
El Tabo;Rehabilitación Oral Removible;Toda edad;Mismo establecimiento APS (R);K08.8 Otros trastornos especificados de dientes y estructuras de soporte;Sólo para caso a resolver con cupos resolutividad APS.;Odontológica
San Antonio;Cirugía y Traumatología Buco Maxilofacial;Toda edad;Hospital Claudio Vicuńa;Todos.;;Odontológica
San Antonio;Endodoncia;Toda edad;Hospital Claudio Vicuńa;Todos. Excepto: K04.9.;;Odontológica
San Antonio;Patología Oral;Toda edad;Hospital Carlos Van Buren;C06.9 Tumor maligno de la boca, parte no especificada.;Con biopsia confirmada o evidente signos clínicos de malignidad.;Odontológica
San Antonio;Patología Oral;Toda edad;Hospital Carlos Van Buren;C14.8 Lesion de sitios contiguos del labio, de la cavidad bucal y de faringe.;Posterior a teleinterconsulta Hospital Digital.;Odontológica
San Antonio;Periodoncia;Toda edad;Hospital Claudio Vicuńa;Todos. Excepto: K05.5 y Z75;;Odontológica
San Antonio;Rehabilitación Oral Fija;Toda edad;Hospital Claudio Vicuńa;Todos.;Derivar con Rx retroalverolar;Odontológica
San Antonio;Rehabilitación Oral Removible;Toda edad;Hospital Claudio Vicuńa;Todos.;;Odontológica
San Antonio;Trastornos Temporomandibulares y Dolor Orofacial;Toda edad;Hospital Claudio Vicuńa;Todos.;Posterior a teleinterconsulta Hospital Digital.;Odontológica
San Antonio;Endodoncia;Toda edad;Mismo establecimiento APS (R);K04.9 Otras enfermedades no especificadas de pulpa y tejidos periapicales;Sólo para caso a resolver con cupos resolutividad APS.;Odontológica
San Antonio;Periodoncia;Toda edad;Mismo establecimiento APS (R);K05.5 Otras enfermedades periodontales;Sólo para caso a resolver con cupos resolutividad APS.;Odontológica
San Antonio;Rehabilitación Oral Removible;Toda edad;Mismo establecimiento APS (R);K08.8 Otros trastornos especificados de dientes y estructuras de soporte;Sólo para caso a resolver con cupos resolutividad APS.;Odontológica
Santo Domingo;Cirugía y Traumatología Buco Maxilofacial;Toda edad;Hospital Claudio Vicuńa;Todos.;;Odontológica
Santo Domingo;Endodoncia;Toda edad;Hospital Claudio Vicuńa;Todos. Excepto: K04.9.;;Odontológica
Santo Domingo;Patología Oral;Toda edad;Hospital Carlos Van Buren;C06.9 Tumor maligno de la boca, parte no especificada.;Con biopsia confirmada o evidente signos clínicos de malignidad.;Odontológica
Santo Domingo;Patología Oral;Toda edad;Hospital Carlos Van Buren;C14.8 Lesion de sitios contiguos del labio, de la cavidad bucal y de faringe.;Posterior a teleinterconsulta Hospital Digital.;Odontológica
Santo Domingo;Periodoncia;Toda edad;Hospital Claudio Vicuńa;Todos. Excepto: K05.5 y Z75;;Odontológica
Santo Domingo;Rehabilitación Oral Fija;Toda edad;Hospital Claudio Vicuńa;Todos.;Derivar con Rx retroalverolar;Odontológica
Santo Domingo;Rehabilitación Oral Removible;Toda edad;Hospital Claudio Vicuńa;Todos.;;Odontológica
Santo Domingo;Trastornos Temporomandibulares y Dolor Orofacial;Toda edad;Hospital Claudio Vicuńa;Todos.;Posterior a teleinterconsulta Hospital Digital.;Odontológica
Santo Domingo;Endodoncia;Toda edad;Mismo establecimiento APS (R);K04.9 Otras enfermedades no especificadas de pulpa y tejidos periapicales;Sólo para caso a resolver con cupos resolutividad APS.;Odontológica
Santo Domingo;Periodoncia;Toda edad;Mismo establecimiento APS (R);K05.5 Otras enfermedades periodontales;Sólo para caso a resolver con cupos resolutividad APS.;Odontológica
Santo Domingo;Rehabilitación Oral Removible;Toda edad;Mismo establecimiento APS (R);K08.8 Otros trastornos especificados de dientes y estructuras de soporte;Sólo para caso a resolver con cupos resolutividad APS.;Odontológica
Navidad;Cirugía y Traumatología Buco Maxilofacial;Toda edad;Hospital Claudio Vicuńa;Todos.;;Odontológica
Navidad;Endodoncia;Toda edad;Hospital Claudio Vicuńa;Todos. Excepto: K04.9.;;Odontológica
Navidad;Patología Oral;Toda edad;Hospital Carlos Van Buren;C06.9 Tumor maligno de la boca, parte no especificada.;Con biopsia confirmada o evidente signos clínicos de malignidad.;Odontológica
Navidad;Patología Oral;Toda edad;Hospital Carlos Van Buren;C14.8 Lesion de sitios contiguos del labio, de la cavidad bucal y de faringe.;Posterior a teleinterconsulta Hospital Digital.;Odontológica
Navidad;Periodoncia;Toda edad;Hospital Claudio Vicuńa;Todos. Excepto: K05.5 y Z75;;Odontológica
Navidad;Rehabilitación Oral Fija;Toda edad;Hospital Claudio Vicuńa;Todos.;;Odontológica
Navidad;Rehabilitación Oral Removible;Toda edad;Hospital Claudio Vicuńa;Todos.;;Odontológica
Navidad;Trastornos Temporomandibulares y Dolor Orofacial;Toda edad;Hospital Claudio Vicuńa;Todos.;;Odontológica
Navidad;Endodoncia;Toda edad;Mismo establecimiento APS (R);K04.9 Otras enfermedades no especificadas de pulpa y tejidos periapicales;Sólo para caso a resolver con cupos resolutividad APS.;Odontológica
Navidad;Periodoncia;Toda edad;Mismo establecimiento APS (R);K05.5 Otras enfermedades periodontales;Sólo para caso a resolver con cupos resolutividad APS.;Odontológica
Navidad;Rehabilitación Oral Removible;Toda edad;Mismo establecimiento APS (R);K08.8 Otros trastornos especificados de dientes y estructuras de soporte;Sólo para caso a resolver con cupos resolutividad APS.;Odontológica
Valparaíso.;Odontopediatría;< 20 ańos;Hospital Claudio Vicuńa;Z75 Problemas relacionados con facilidades de atención médica u otros servicios de salud.;Para anestesia general. Menor de 20 ańos.;Odontológica
Valparaíso.;Odontopediatría;< 15 ańos;Centro de Referencia de Salud Odontológica (C.R.S.O.);Sin distinción.;;Odontológica
Valparaíso.;Ortodoncia y Ortopedia Dento Máxilo Facial;4 a 12 ańos;Centro de Referencia de Salud Odontológica (C.R.S.O.);K07.2 Anomalias de la relacion entre los arcos dentarios;Posterior a teleinterconsulta Hospital Digital.;Odontológica
Valparaíso.;Ortodoncia y Ortopedia Dento Máxilo Facial;4 a 12 ańos;Centro de Referencia de Salud Odontológica (C.R.S.O.);K01.0 Dientes incluidos;Posterior a teleinterconsulta Hospital Digital.;Odontológica
Valparaíso.;Ortodoncia y Ortopedia Dento Máxilo Facial;4 a 12 ańos;Centro de Referencia de Salud Odontológica (C.R.S.O.);K00.1 Dientes supernumerarios;Posterior a teleinterconsulta Hospital Digital.;Odontológica
Valparaíso.;Periodoncia;Desde 20 ańos;Hospital Claudio Vicuńa;Z75 Problemas relacionados con facilidades de atención médica u otros servicios de salud.;Para anestesia general. Desde 20 ańos.;Odontológica
Juan Fernández;Odontopediatría;< 20 ańos;Hospital Claudio Vicuńa;Z75 Problemas relacionados con facilidades de atención médica u otros servicios de salud.;Para anestesia general. Menor de 20 ańos.;Odontológica
Juan Fernández;Odontopediatría;< 15 ańos;Centro de Referencia de Salud Odontológica (C.R.S.O.);Sin distinción.;;Odontológica
Juan Fernández;Ortodoncia y Ortopedia Dento Máxilo Facial;4 a 12 ańos;Centro de Referencia de Salud Odontológica (C.R.S.O.);K07.2 Anomalias de la relacion entre los arcos dentarios;Posterior a teleinterconsulta Hospital Digital.;Odontológica
Juan Fernández;Ortodoncia y Ortopedia Dento Máxilo Facial;4 a 12 ańos;Centro de Referencia de Salud Odontológica (C.R.S.O.);K01.0 Dientes incluidos;Posterior a teleinterconsulta Hospital Digital.;Odontológica
Juan Fernández;Ortodoncia y Ortopedia Dento Máxilo Facial;4 a 12 ańos;Centro de Referencia de Salud Odontológica (C.R.S.O.);K00.1 Dientes supernumerarios;Posterior a teleinterconsulta Hospital Digital.;Odontológica
Juan Fernández;Periodoncia;Desde 20 ańos;Hospital Claudio Vicuńa;Z75 Problemas relacionados con facilidades de atención médica u otros servicios de salud.;Para anestesia general. Desde 20 ańos.;Odontológica
Casablanca;Odontopediatría;< 20 ańos;Hospital Claudio Vicuńa;Z75 Problemas relacionados con facilidades de atención médica u otros servicios de salud.;Para anestesia general. Menor de 20 ańos.;Odontológica
Casablanca;Odontopediatría;< 15 ańos;Centro de Referencia de Salud Odontológica (C.R.S.O.);Sin distinción.;;Odontológica
Casablanca;Ortodoncia y Ortopedia Dento Máxilo Facial;4 a 12 ańos;Hospital San José Casablanca;K07.2 Anomalias de la relacion entre los arcos dentarios;Posterior a teleinterconsulta Hospital Digital.;Odontológica
Casablanca;Ortodoncia y Ortopedia Dento Máxilo Facial;4 a 12 ańos;Hospital San José Casablanca;K01.0 Dientes incluidos;Posterior a teleinterconsulta Hospital Digital.;Odontológica
Casablanca;Ortodoncia y Ortopedia Dento Máxilo Facial;4 a 12 ańos;Hospital San José Casablanca;K00.1 Dientes supernumerarios;Posterior a teleinterconsulta Hospital Digital.;Odontológica
Casablanca;Periodoncia;Desde 20 ańos;Hospital Claudio Vicuńa;Z75 Problemas relacionados con facilidades de atención médica u otros servicios de salud.;Para anestesia general. Desde 20 ańos.;Odontológica
Algarrobo;Odontopediatría;< 20 ańos;Hospital Claudio Vicuńa;Z75 Problemas relacionados con facilidades de atención médica u otros servicios de salud.;Para anestesia general. Menor de 20 ańos.;Odontológica
Algarrobo;Odontopediatría;< 15 ańos;Hospital Claudio Vicuńa;Sin distinción.;;Odontológica
Algarrobo;Ortodoncia y Ortopedia Dento Máxilo Facial;4 a 12 ańos;Hospital Claudio Vicuńa;K07.2 Anomalias de la relacion entre los arcos dentarios;Posterior a teleinterconsulta Hospital Digital.;Odontológica
Algarrobo;Ortodoncia y Ortopedia Dento Máxilo Facial;4 a 12 ańos;Hospital Claudio Vicuńa;K01.0 Dientes incluidos;Posterior a teleinterconsulta Hospital Digital.;Odontológica
Algarrobo;Ortodoncia y Ortopedia Dento Máxilo Facial;4 a 12 ańos;Hospital Claudio Vicuńa;K00.1 Dientes supernumerarios;Posterior a teleinterconsulta Hospital Digital.;Odontológica
Algarrobo;Periodoncia;Desde 20 ańos;Hospital Claudio Vicuńa;Z75 Problemas relacionados con facilidades de atención médica u otros servicios de salud.;Para anestesia general. Desde 20 ańos.;Odontológica
Cartagena;Odontopediatría;< 20 ańos;Hospital Claudio Vicuńa;Z75 Problemas relacionados con facilidades de atención médica u otros servicios de salud.;Para anestesia general. Menor de 20 ańos.;Odontológica
Cartagena;Odontopediatría;< 15 ańos;Hospital Claudio Vicuńa;Sin distinción.;;Odontológica
Cartagena;Ortodoncia y Ortopedia Dento Máxilo Facial;4 a 12 ańos;Hospital Claudio Vicuńa;K07.2 Anomalias de la relacion entre los arcos dentarios;Posterior a teleinterconsulta Hospital Digital.;Odontológica
Cartagena;Ortodoncia y Ortopedia Dento Máxilo Facial;4 a 12 ańos;Hospital Claudio Vicuńa;K01.0 Dientes incluidos;Posterior a teleinterconsulta Hospital Digital.;Odontológica
Cartagena;Ortodoncia y Ortopedia Dento Máxilo Facial;4 a 12 ańos;Hospital Claudio Vicuńa;K00.1 Dientes supernumerarios;Posterior a teleinterconsulta Hospital Digital.;Odontológica
Cartagena;Periodoncia;Desde 20 ańos;Hospital Claudio Vicuńa;Z75 Problemas relacionados con facilidades de atención médica u otros servicios de salud.;Para anestesia general. Desde 20 ańos.;Odontológica
El Quisco;Odontopediatría;< 20 ańos;Hospital Claudio Vicuńa;Z75 Problemas relacionados con facilidades de atención médica u otros servicios de salud.;Para anestesia general. Menor de 20 ańos.;Odontológica
El Quisco;Odontopediatría;< 15 ańos;Hospital Claudio Vicuńa;Sin distinción.;;Odontológica
El Quisco;Ortodoncia y Ortopedia Dento Máxilo Facial;4 a 12 ańos;Hospital Claudio Vicuńa;K07.2 Anomalias de la relacion entre los arcos dentarios;Posterior a teleinterconsulta Hospital Digital.;Odontológica
El Quisco;Ortodoncia y Ortopedia Dento Máxilo Facial;4 a 12 ańos;Hospital Claudio Vicuńa;K01.0 Dientes incluidos;Posterior a teleinterconsulta Hospital Digital.;Odontológica
El Quisco;Ortodoncia y Ortopedia Dento Máxilo Facial;4 a 12 ańos;Hospital Claudio Vicuńa;K00.1 Dientes supernumerarios;Posterior a teleinterconsulta Hospital Digital.;Odontológica
El Quisco;Periodoncia;Desde 20 ańos;Hospital Claudio Vicuńa;Z75 Problemas relacionados con facilidades de atención médica u otros servicios de salud.;Para anestesia general. Desde 20 ańos.;Odontológica
El Tabo;Odontopediatría;< 20 ańos;Hospital Claudio Vicuńa;Z75 Problemas relacionados con facilidades de atención médica u otros servicios de salud.;Para anestesia general. Menor de 20 ańos.;Odontológica
El Tabo;Odontopediatría;< 15 ańos;Hospital Claudio Vicuńa;Sin distinción.;;Odontológica
El Tabo;Ortodoncia y Ortopedia Dento Máxilo Facial;4 a 12 ańos;Hospital Claudio Vicuńa;K07.2 Anomalias de la relacion entre los arcos dentarios;Posterior a teleinterconsulta Hospital Digital.;Odontológica
El Tabo;Ortodoncia y Ortopedia Dento Máxilo Facial;4 a 12 ańos;Hospital Claudio Vicuńa;K01.0 Dientes incluidos;Posterior a teleinterconsulta Hospital Digital.;Odontológica
El Tabo;Ortodoncia y Ortopedia Dento Máxilo Facial;4 a 12 ańos;Hospital Claudio Vicuńa;K00.1 Dientes supernumerarios;Posterior a teleinterconsulta Hospital Digital.;Odontológica
El Tabo;Periodoncia;Desde 20 ańos;Hospital Claudio Vicuńa;Z75 Problemas relacionados con facilidades de atención médica u otros servicios de salud.;Para anestesia general. Desde 20 ańos.;Odontológica
San Antonio;Odontopediatría;< 20 ańos;Hospital Claudio Vicuńa;Z75 Problemas relacionados con facilidades de atención médica u otros servicios de salud.;Para anestesia general. Menor de 20 ańos.;Odontológica
San Antonio;Odontopediatría;< 15 ańos;Hospital Claudio Vicuńa;Sin distinción.;;Odontológica
San Antonio;Ortodoncia y Ortopedia Dento Máxilo Facial;4 a 12 ańos;Hospital Claudio Vicuńa;K07.2 Anomalias de la relacion entre los arcos dentarios;Posterior a teleinterconsulta Hospital Digital.;Odontológica
San Antonio;Ortodoncia y Ortopedia Dento Máxilo Facial;4 a 12 ańos;Hospital Claudio Vicuńa;K01.0 Dientes incluidos;Posterior a teleinterconsulta Hospital Digital.;Odontológica
San Antonio;Ortodoncia y Ortopedia Dento Máxilo Facial;4 a 12 ańos;Hospital Claudio Vicuńa;K00.1 Dientes supernumerarios;Posterior a teleinterconsulta Hospital Digital.;Odontológica
San Antonio;Periodoncia;Desde 20 ańos;Hospital Claudio Vicuńa;Z75 Problemas relacionados con facilidades de atención médica u otros servicios de salud.;Para anestesia general. Desde 20 ańos.;Odontológica
Santo Domingo;Odontopediatría;< 20 ańos;Hospital Claudio Vicuńa;Z75 Problemas relacionados con facilidades de atención médica u otros servicios de salud.;Para anestesia general. Menor de 20 ańos.;Odontológica
Santo Domingo;Odontopediatría;< 15 ańos;Hospital Claudio Vicuńa;Sin distinción.;;Odontológica
Santo Domingo;Ortodoncia y Ortopedia Dento Máxilo Facial;4 a 12 ańos;Hospital Claudio Vicuńa;K07.2 Anomalias de la relacion entre los arcos dentarios;Posterior a teleinterconsulta Hospital Digital.;Odontológica
Santo Domingo;Ortodoncia y Ortopedia Dento Máxilo Facial;4 a 12 ańos;Hospital Claudio Vicuńa;K01.0 Dientes incluidos;Posterior a teleinterconsulta Hospital Digital.;Odontológica
Santo Domingo;Ortodoncia y Ortopedia Dento Máxilo Facial;4 a 12 ańos;Hospital Claudio Vicuńa;K00.1 Dientes supernumerarios;Posterior a teleinterconsulta Hospital Digital.;Odontológica
Santo Domingo;Periodoncia;Desde 20 ańos;Hospital Claudio Vicuńa;Z75 Problemas relacionados con facilidades de atención médica u otros servicios de salud.;Para anestesia general. Desde 20 ańos.;Odontológica
Navidad;Odontopediatría;< 20 ańos;Hospital Claudio Vicuńa;Z75 Problemas relacionados con facilidades de atención médica u otros servicios de salud.;Para anestesia general. Menor de 20 ańos.;Odontológica
Navidad;Odontopediatría;< 15 ańos;Hospital Claudio Vicuńa;Sin distinción.;;Odontológica
Navidad;Ortodoncia y Ortopedia Dento Máxilo Facial;4 a 12 ańos;Hospital Claudio Vicuńa;K07.2 Anomalias de la relacion entre los arcos dentarios;Posterior a teleinterconsulta Hospital Digital.;Odontológica
Navidad;Ortodoncia y Ortopedia Dento Máxilo Facial;4 a 12 ańos;Hospital Claudio Vicuńa;K01.0 Dientes incluidos;Posterior a teleinterconsulta Hospital Digital.;Odontológica
Navidad;Ortodoncia y Ortopedia Dento Máxilo Facial;4 a 12 ańos;Hospital Claudio Vicuńa;K00.1 Dientes supernumerarios;Posterior a teleinterconsulta Hospital Digital.;Odontológica
Navidad;Periodoncia;Desde 20 ańos;Hospital Claudio Vicuńa;Z75 Problemas relacionados con facilidades de atención médica u otros servicios de salud.;Para anestesia general. Desde 20 ańos.;Odontológica
Valparaíso.;Implantología Bucomaxilofacial;19 a 59 ańos;Hospital Claudio Vicuńa;K00.0 Anodoncia;Sólo unitarios;Odontológica
Valparaíso.;Implantología Bucomaxilofacial;19 a 59 ańos;Hospital Claudio Vicuńa;K08.1  Perdida de dientes por accidente, extraccion o enfermedad periodontal local.;Sólo unitarios;Odontológica
Valparaíso.;Implantología Bucomaxilofacial;60 a 75 ańos;Hospital Claudio Vicuńa;K08.2 Atrofia del reborde alveolar desdentado.;Protesis implanto retenida;Odontológica
Juan Fernández;Implantología Bucomaxilofacial;19 a 59 ańos;Hospital Claudio Vicuńa;K00.0 Anodoncia;Sólo unitarios;Odontológica
Juan Fernández;Implantología Bucomaxilofacial;19 a 59 ańos;Hospital Claudio Vicuńa;K08.1  Perdida de dientes por accidente, extraccion o enfermedad periodontal local.;Sólo unitarios;Odontológica
Juan Fernández;Implantología Bucomaxilofacial;60 a 75 ańos;Hospital Claudio Vicuńa;K08.2 Atrofia del reborde alveolar desdentado.;Protesis implanto retenida;Odontológica
Casablanca;Implantología Bucomaxilofacial;19 a 59 ańos;Hospital Claudio Vicuńa;K00.0 Anodoncia;Sólo unitarios;Odontológica
Casablanca;Implantología Bucomaxilofacial;19 a 59 ańos;Hospital Claudio Vicuńa;K08.1  Perdida de dientes por accidente, extraccion o enfermedad periodontal local.;Sólo unitarios;Odontológica
Casablanca;Implantología Bucomaxilofacial;60 a 75 ańos;Hospital Claudio Vicuńa;K08.2 Atrofia del reborde alveolar desdentado.;Protesis implanto retenida;Odontológica
Algarrobo;Implantología Bucomaxilofacial;19 a 59 ańos;Hospital Claudio Vicuńa;K00.0 Anodoncia;Sólo unitarios;Odontológica
Algarrobo;Implantología Bucomaxilofacial;19 a 59 ańos;Hospital Claudio Vicuńa;K08.1  Perdida de dientes por accidente, extraccion o enfermedad periodontal local.;Sólo unitarios;Odontológica
Algarrobo;Implantología Bucomaxilofacial;60 a 75 ańos;Hospital Claudio Vicuńa;K08.2 Atrofia del reborde alveolar desdentado.;Protesis implanto retenida;Odontológica
Cartagena;Implantología Bucomaxilofacial;19 a 59 ańos;Hospital Claudio Vicuńa;K00.0 Anodoncia;Sólo unitarios;Odontológica
Cartagena;Implantología Bucomaxilofacial;19 a 59 ańos;Hospital Claudio Vicuńa;K08.1  Perdida de dientes por accidente, extraccion o enfermedad periodontal local.;Sólo unitarios;Odontológica
Cartagena;Implantología Bucomaxilofacial;60 a 75 ańos;Hospital Claudio Vicuńa;K08.2 Atrofia del reborde alveolar desdentado.;Protesis implanto retenida;Odontológica
El Quisco;Implantología Bucomaxilofacial;19 a 59 ańos;Hospital Claudio Vicuńa;K00.0 Anodoncia;Sólo unitarios;Odontológica
El Quisco;Implantología Bucomaxilofacial;19 a 59 ańos;Hospital Claudio Vicuńa;K08.1  Perdida de dientes por accidente, extraccion o enfermedad periodontal local.;Sólo unitarios;Odontológica
El Quisco;Implantología Bucomaxilofacial;60 a 75 ańos;Hospital Claudio Vicuńa;K08.2 Atrofia del reborde alveolar desdentado.;Protesis implanto retenida;Odontológica
El Tabo;Implantología Bucomaxilofacial;19 a 59 ańos;Hospital Claudio Vicuńa;K00.0 Anodoncia;Sólo unitarios;Odontológica
El Tabo;Implantología Bucomaxilofacial;19 a 59 ańos;Hospital Claudio Vicuńa;K08.1  Perdida de dientes por accidente, extraccion o enfermedad periodontal local.;Sólo unitarios;Odontológica
El Tabo;Implantología Bucomaxilofacial;60 a 75 ańos;Hospital Claudio Vicuńa;K08.2 Atrofia del reborde alveolar desdentado.;Protesis implanto retenida;Odontológica
San Antonio;Implantología Bucomaxilofacial;19 a 59 ańos;Hospital Claudio Vicuńa;K00.0 Anodoncia;Sólo unitarios;Odontológica
San Antonio;Implantología Bucomaxilofacial;19 a 59 ańos;Hospital Claudio Vicuńa;K08.1  Perdida de dientes por accidente, extraccion o enfermedad periodontal local.;Sólo unitarios;Odontológica
San Antonio;Implantología Bucomaxilofacial;60 a 75 ańos;Hospital Claudio Vicuńa;K08.2 Atrofia del reborde alveolar desdentado.;Protesis implanto retenida;Odontológica
Santo Domingo;Implantología Bucomaxilofacial;19 a 59 ańos;Hospital Claudio Vicuńa;K00.0 Anodoncia;Sólo unitarios;Odontológica
Santo Domingo;Implantología Bucomaxilofacial;19 a 59 ańos;Hospital Claudio Vicuńa;K08.1  Perdida de dientes por accidente, extraccion o enfermedad periodontal local.;Sólo unitarios;Odontológica
Santo Domingo;Implantología Bucomaxilofacial;60 a 75 ańos;Hospital Claudio Vicuńa;K08.2 Atrofia del reborde alveolar desdentado.;Protesis implanto retenida;Odontológica
Navidad;Implantología Bucomaxilofacial;19 a 59 ańos;Hospital Claudio Vicuńa;K00.0 Anodoncia;Sólo unitarios;Odontológica
Navidad;Implantología Bucomaxilofacial;19 a 59 ańos;Hospital Claudio Vicuńa;K08.1  Perdida de dientes por accidente, extraccion o enfermedad periodontal local.;Sólo unitarios;Odontológica
Navidad;Implantología Bucomaxilofacial;60 a 75 ańos;Hospital Claudio Vicuńa;K08.2 Atrofia del reborde alveolar desdentado.;Protesis implanto retenida;Odontológica
Algarrobo;Medicina Interna;Toda edad;Hospital Claudio Vicuńa;sin dato ;;Médica
